"race","avg_age","min_age","max_age"
"Other",51.4312500000000000,30,69
"White",54.3264947245017585,30,69
"Black",52.5807560137457045,31,69
